user_id,username,email,full_name,registration_date
1,nicholas_hill,nicholas_hill@yahoo.com,Nicholas Hill,2024-12-16 20:45:00
2,nicholas_gonzalez,nicholas_gonzalez@yahoo.com,Nicholas Gonzalez,2024-09-15 17:31:27
3,keith_harper,keith_harper@yahoo.com,Keith Harper,2024-08-27 22:07:40
4,matthew_murray,matthew_murray@hotmail.com,Matthew Murray,2024-10-10 23:43:49
5,max_chandler,max_chandler@gmail.com,Max Chandler,2024-11-06 07:29:52
6,cassandra_potts,cassandra_potts@yahoo.com,Cassandra Potts,2024-12-12 17:46:48
7,laurie_lee,laurie_lee@gmail.com,Laurie Lee,2024-12-10 23:58:58
8,patricia_bowen,patricia_bowen@gmail.com,Patricia Bowen,2024-05-02 10:48:22
9,lee_sosa,lee_sosa@hotmail.com,Lee Sosa,2023-12-24 17:59:28
10,peggy_morrow,peggy_morrow@hotmail.com,Peggy Morrow,2024-08-19 11:25:48
11,wesley_douglas,wesley_douglas@hotmail.com,Wesley Douglas,2024-01-18 16:53:30
12,terry_berger,terry_berger@yahoo.com,Terry Berger,2024-01-01 03:35:40
13,leslie_cohen,leslie_cohen@hotmail.com,Leslie Cohen,2024-04-25 09:48:18
14,kimberly_webb,kimberly_webb@hotmail.com,Kimberly Webb,2024-11-01 17:03:28
15,anthony_brown,anthony_brown@gmail.com,Anthony Brown,2024-03-15 13:39:57
16,janice_scott,janice_scott@hotmail.com,Janice Scott,2024-07-26 06:44:53
17,ashley_carlson,ashley_carlson@gmail.com,Ashley Carlson,2024-02-18 21:45:58
18,allen_cox,allen_cox@hotmail.com,Allen Cox,2024-04-06 17:17:07
19,kristine_murphy,kristine_murphy@yahoo.com,Kristine Murphy,2024-04-15 16:18:45
20,robert_kelly,robert_kelly@hotmail.com,Robert Kelly,2024-03-17 18:54:00
21,crystal_howe,crystal_howe@hotmail.com,Crystal Howe,2023-12-23 05:20:57
22,anthony_greer,anthony_greer@hotmail.com,Anthony Greer,2024-09-02 20:07:29
23,joseph_george,joseph_george@gmail.com,Joseph George,2024-10-07 10:40:09
24,donald_floyd,donald_floyd@gmail.com,Donald Floyd,2024-07-15 07:06:37
25,david_davis,david_davis@yahoo.com,David Davis,2024-08-11 14:30:18
26,tamara_hall,tamara_hall@gmail.com,Tamara Hall,2024-02-27 12:31:34
27,elizabeth_jackson,elizabeth_jackson@gmail.com,Elizabeth Jackson,2024-04-07 11:41:49
28,daryl_morales,daryl_morales@yahoo.com,Daryl Morales,2024-08-02 16:56:30
29,dale_stewart,dale_stewart@gmail.com,Dale Stewart,2024-08-17 19:35:18
30,thomas_evans,thomas_evans@hotmail.com,Thomas Evans,2024-09-12 10:03:47
31,nicholas_mitchell,nicholas_mitchell@yahoo.com,Nicholas Mitchell,2024-12-03 11:53:33
32,sara_lopez,sara_lopez@gmail.com,Sara Lopez,2024-11-13 16:18:54
33,timothy_fisher,timothy_fisher@yahoo.com,Timothy Fisher,2024-01-27 15:39:45
34,mr._samuel_harper_dds,mr._samuel_harper_dds@hotmail.com,Mr. Samuel Harper DDS,2024-03-15 22:08:03
35,vanessa_hall,vanessa_hall@hotmail.com,Vanessa Hall,2024-02-22 13:03:57
36,tammy_holloway,tammy_holloway@yahoo.com,Tammy Holloway,2024-10-24 07:20:58
37,michael_bailey,michael_bailey@yahoo.com,Michael Bailey,2024-01-27 03:30:52
38,adam_larsen,adam_larsen@gmail.com,Adam Larsen,2024-03-05 14:38:47
39,melissa_powell,melissa_powell@gmail.com,Melissa Powell,2024-01-09 16:32:36
40,edward_stein,edward_stein@gmail.com,Edward Stein,2024-06-10 02:19:47
41,samantha_hensley,samantha_hensley@hotmail.com,Samantha Hensley,2024-10-26 15:01:53
42,shannon_ortiz,shannon_ortiz@yahoo.com,Shannon Ortiz,2024-01-17 16:59:25
43,melanie_lopez,melanie_lopez@gmail.com,Melanie Lopez,2024-08-19 22:55:17
44,kristine_ferguson,kristine_ferguson@gmail.com,Kristine Ferguson,2024-09-22 00:47:25
45,joseph_moore,joseph_moore@hotmail.com,Joseph Moore,2024-04-22 16:07:12
46,chris_chapman,chris_chapman@hotmail.com,Chris Chapman,2024-03-30 07:24:03
47,joseph_sanchez,joseph_sanchez@gmail.com,Joseph Sanchez,2024-09-25 21:10:15
48,daniel_mclaughlin,daniel_mclaughlin@hotmail.com,Daniel Mclaughlin,2024-02-06 23:51:44
49,donna_kane,donna_kane@hotmail.com,Donna Kane,2024-11-30 21:53:43
50,amanda_zimmerman,amanda_zimmerman@hotmail.com,Amanda Zimmerman,2024-11-02 10:22:39
51,kimberly_howard,kimberly_howard@gmail.com,Kimberly Howard,2024-11-27 10:39:15
52,daniel_herrera,daniel_herrera@gmail.com,Daniel Herrera,2024-03-01 07:21:18
53,marcus_jimenez,marcus_jimenez@gmail.com,Marcus Jimenez,2024-10-27 04:02:50
54,erik_powell,erik_powell@gmail.com,Erik Powell,2024-02-16 03:17:03
55,brianna_martinez,brianna_martinez@hotmail.com,Brianna Martinez,2024-10-07 01:49:13
56,dylan_coffey,dylan_coffey@hotmail.com,Dylan Coffey,2024-06-25 07:11:01
57,michaela_willis,michaela_willis@hotmail.com,Michaela Willis,2024-08-20 07:08:55
58,daniel_simmons,daniel_simmons@yahoo.com,Daniel Simmons,2024-02-22 22:37:31
59,michael_stevenson,michael_stevenson@yahoo.com,Michael Stevenson,2024-02-14 06:49:57
60,chelsea_lee,chelsea_lee@yahoo.com,Chelsea Lee,2024-02-10 11:28:41
61,jonathan_morton,jonathan_morton@hotmail.com,Jonathan Morton,2024-08-13 02:14:38
62,alexis_marquez,alexis_marquez@yahoo.com,Alexis Marquez,2024-09-23 13:35:11
63,phillip_cole,phillip_cole@yahoo.com,Phillip Cole,2024-01-17 14:24:05
64,jasmine_buckley,jasmine_buckley@hotmail.com,Jasmine Buckley,2024-06-09 00:00:27
65,courtney_hill,courtney_hill@hotmail.com,Courtney Hill,2024-06-05 21:54:57
66,jane_gutierrez,jane_gutierrez@gmail.com,Jane Gutierrez,2024-01-09 23:00:08
67,erin_melton,erin_melton@gmail.com,Erin Melton,2024-09-03 18:38:48
68,eric_mejia,eric_mejia@yahoo.com,Eric Mejia,2024-03-30 08:16:03
69,christina_melton,christina_melton@hotmail.com,Christina Melton,2024-12-03 01:22:15
70,ronnie_holmes,ronnie_holmes@gmail.com,Ronnie Holmes,2024-10-28 06:01:01
71,peter_bradley,peter_bradley@yahoo.com,Peter Bradley,2024-07-16 20:21:46
72,crystal_hanson,crystal_hanson@yahoo.com,Crystal Hanson,2024-08-08 14:39:27
73,sara_smith,sara_smith@yahoo.com,Sara Smith,2024-07-19 08:41:52
74,alicia_saunders,alicia_saunders@gmail.com,Alicia Saunders,2024-09-30 12:41:34
75,joshua_moore,joshua_moore@hotmail.com,Joshua Moore,2024-08-24 06:42:23
76,kristina_ayers,kristina_ayers@hotmail.com,Kristina Ayers,2024-02-26 11:28:36
77,michael_watkins,michael_watkins@gmail.com,Michael Watkins,2024-06-24 22:05:28
78,stephanie_arias,stephanie_arias@hotmail.com,Stephanie Arias,2024-02-11 07:22:50
79,travis_guerrero,travis_guerrero@hotmail.com,Travis Guerrero,2024-07-30 03:58:26
80,latoya_clark,latoya_clark@gmail.com,Latoya Clark,2024-08-12 17:41:56
81,kathryn_coffey,kathryn_coffey@yahoo.com,Kathryn Coffey,2024-07-10 10:01:23
82,justin_lee,justin_lee@hotmail.com,Justin Lee,2024-05-01 09:55:20
83,james_davis,james_davis@gmail.com,James Davis,2024-05-10 19:37:41
84,stephen_young,stephen_young@gmail.com,Stephen Young,2024-11-24 13:59:34
85,pamela_frazier,pamela_frazier@yahoo.com,Pamela Frazier,2024-08-10 05:00:42
86,john_hansen,john_hansen@gmail.com,John Hansen,2024-02-06 18:13:16
87,steven_robinson_ii,steven_robinson_ii@hotmail.com,Steven Robinson II,2024-03-25 02:36:18
88,matthew_baker,matthew_baker@hotmail.com,Matthew Baker,2024-06-30 13:37:28
89,david_acevedo,david_acevedo@gmail.com,David Acevedo,2024-07-12 18:46:43
90,terri_hill,terri_hill@gmail.com,Terri Hill,2024-05-21 23:44:46
91,mrs._lindsey_davis,mrs._lindsey_davis@hotmail.com,Mrs. Lindsey Davis,2024-06-04 04:02:06
92,dawn_mason,dawn_mason@hotmail.com,Dawn Mason,2024-08-21 08:40:46
93,dr._james_lopez,dr._james_lopez@gmail.com,Dr. James Lopez,2024-11-17 18:54:52
94,jacob_li,jacob_li@gmail.com,Jacob Li,2023-12-22 16:44:19
95,ronald_andrews,ronald_andrews@yahoo.com,Ronald Andrews,2024-09-27 17:35:30
96,matthew_torres,matthew_torres@yahoo.com,Matthew Torres,2024-03-23 15:55:58
97,heather_harrison,heather_harrison@hotmail.com,Heather Harrison,2024-10-26 22:32:05
98,kari_golden,kari_golden@gmail.com,Kari Golden,2024-01-11 01:07:44
99,jenny_rodriguez,jenny_rodriguez@yahoo.com,Jenny Rodriguez,2024-04-12 13:47:20
100,megan_brown,megan_brown@hotmail.com,Megan Brown,2024-04-20 05:29:20
101,suzanne_johnson,suzanne_johnson@gmail.com,Suzanne Johnson,2024-10-15 17:54:30
102,melissa_mathis,melissa_mathis@yahoo.com,Melissa Mathis,2024-02-09 14:04:03
103,nicholas_sanchez,nicholas_sanchez@hotmail.com,Nicholas Sanchez,2024-03-20 17:06:20
104,mark_flores,mark_flores@hotmail.com,Mark Flores,2024-08-07 02:03:23
105,tyler_moyer,tyler_moyer@gmail.com,Tyler Moyer,2024-02-10 21:26:52
106,kyle_patel,kyle_patel@yahoo.com,Kyle Patel,2024-06-01 23:04:28
107,michael_bentley,michael_bentley@gmail.com,Michael Bentley,2024-08-12 20:51:38
108,angela_li,angela_li@yahoo.com,Angela Li,2024-10-16 17:14:09
109,patricia_lozano,patricia_lozano@gmail.com,Patricia Lozano,2024-08-25 04:36:25
110,donald_kelley,donald_kelley@gmail.com,Donald Kelley,2024-01-04 20:48:51
111,randall_mendoza,randall_mendoza@hotmail.com,Randall Mendoza,2024-04-01 14:15:51
112,richard_chaney,richard_chaney@gmail.com,Richard Chaney,2024-09-04 00:37:46
113,ann_swanson,ann_swanson@hotmail.com,Ann Swanson,2024-11-02 10:44:25
114,shane_baker,shane_baker@hotmail.com,Shane Baker,2024-04-04 03:14:58
115,douglas_riggs,douglas_riggs@hotmail.com,Douglas Riggs,2024-04-27 13:01:03
116,brenda_knight,brenda_knight@gmail.com,Brenda Knight,2024-05-11 11:10:56
117,felicia_mckenzie,felicia_mckenzie@hotmail.com,Felicia Mckenzie,2024-01-19 21:51:15
118,hannah_coffey,hannah_coffey@yahoo.com,Hannah Coffey,2024-06-17 03:36:17
119,robert_watkins,robert_watkins@hotmail.com,Robert Watkins,2024-06-21 14:05:22
120,brandy_moreno,brandy_moreno@hotmail.com,Brandy Moreno,2024-04-01 22:55:52
121,harold_henderson,harold_henderson@yahoo.com,Harold Henderson,2024-12-13 19:33:12
122,gary_jacobson,gary_jacobson@hotmail.com,Gary Jacobson,2024-08-26 09:15:45
123,keith_johnson,keith_johnson@yahoo.com,Keith Johnson,2024-04-02 18:43:28
124,thomas_mckinney,thomas_mckinney@yahoo.com,Thomas Mckinney,2024-02-25 11:09:15
125,michael_williams,michael_williams@gmail.com,Michael Williams,2024-12-09 02:28:23
126,danielle_williams,danielle_williams@gmail.com,Danielle Williams,2024-10-22 12:49:42
127,dr._lori_ho,dr._lori_ho@hotmail.com,Dr. Lori Ho,2023-12-21 13:00:36
128,tiffany_garcia,tiffany_garcia@yahoo.com,Tiffany Garcia,2024-11-14 11:13:49
129,michelle_thomas,michelle_thomas@yahoo.com,Michelle Thomas,2024-12-16 21:55:52
130,jesse_moore,jesse_moore@hotmail.com,Jesse Moore,2024-09-02 20:46:02
131,kimberly_cohen,kimberly_cohen@hotmail.com,Kimberly Cohen,2024-07-29 12:21:48
132,gary_powell,gary_powell@yahoo.com,Gary Powell,2024-05-29 00:55:16
133,eddie_stokes,eddie_stokes@gmail.com,Eddie Stokes,2024-08-02 16:22:59
134,john_dixon,john_dixon@yahoo.com,John Dixon,2024-09-08 11:00:29
135,joan_freeman,joan_freeman@gmail.com,Joan Freeman,2024-01-17 01:20:25
136,pamela_hammond,pamela_hammond@gmail.com,Pamela Hammond,2024-04-20 12:20:00
137,michael_murray,michael_murray@yahoo.com,Michael Murray,2024-09-06 11:43:27
138,michelle_andrews,michelle_andrews@hotmail.com,Michelle Andrews,2024-03-24 12:15:36
139,candace_wilson,candace_wilson@gmail.com,Candace Wilson,2024-01-20 03:02:08
140,allison_garcia,allison_garcia@hotmail.com,Allison Garcia,2024-12-10 01:06:19
141,nicholas_munoz,nicholas_munoz@yahoo.com,Nicholas Munoz,2024-08-17 05:24:16
142,jennifer_white,jennifer_white@gmail.com,Jennifer White,2024-01-13 09:25:49
143,sue_conrad,sue_conrad@gmail.com,Sue Conrad,2024-09-16 04:18:58
144,brandy_johnson,brandy_johnson@yahoo.com,Brandy Johnson,2024-07-18 05:37:16
145,paula_morgan,paula_morgan@hotmail.com,Paula Morgan,2024-07-16 05:08:16
146,mariah_morales,mariah_morales@yahoo.com,Mariah Morales,2024-02-02 07:46:36
147,joseph_grant,joseph_grant@gmail.com,Joseph Grant,2024-01-29 16:08:24
148,alison_hamilton,alison_hamilton@gmail.com,Alison Hamilton,2023-12-27 07:21:28
149,jason_patterson,jason_patterson@gmail.com,Jason Patterson,2024-05-25 02:28:52
150,karen_wilson,karen_wilson@hotmail.com,Karen Wilson,2024-02-20 12:05:12
151,william_coleman,william_coleman@gmail.com,William Coleman,2024-02-08 11:36:00
152,nicole_mendoza,nicole_mendoza@hotmail.com,Nicole Mendoza,2024-02-28 08:31:41
153,james_murray,james_murray@gmail.com,James Murray,2024-05-14 22:03:31
154,jacob_norton,jacob_norton@yahoo.com,Jacob Norton,2024-07-07 22:14:57
155,matthew_davis,matthew_davis@hotmail.com,Matthew Davis,2024-05-23 11:39:23
156,michelle_singh,michelle_singh@gmail.com,Michelle Singh,2024-10-11 15:50:29
157,heather_brown,heather_brown@gmail.com,Heather Brown,2024-04-17 11:33:04
158,timothy_morales,timothy_morales@hotmail.com,Timothy Morales,2024-01-29 03:10:30
159,amy_daniels,amy_daniels@gmail.com,Amy Daniels,2024-08-26 05:38:04
160,stephen_james,stephen_james@gmail.com,Stephen James,2024-04-11 10:27:41
161,roger_kelly,roger_kelly@yahoo.com,Roger Kelly,2024-06-22 04:00:44
162,casey_robinson,casey_robinson@gmail.com,Casey Robinson,2024-11-14 02:38:27
163,jack_jones,jack_jones@gmail.com,Jack Jones,2024-11-10 12:17:12
164,kara_sanders,kara_sanders@gmail.com,Kara Sanders,2024-07-17 02:24:21
165,gregory_moyer,gregory_moyer@gmail.com,Gregory Moyer,2024-06-04 03:44:31
166,stephanie_oconnell,stephanie_oconnell@yahoo.com,Stephanie Oconnell,2024-08-13 02:25:59
167,terry_meyers,terry_meyers@gmail.com,Terry Meyers,2024-07-29 02:03:53
168,stephanie_padilla,stephanie_padilla@hotmail.com,Stephanie Padilla,2024-08-14 12:24:57
169,colin_erickson,colin_erickson@yahoo.com,Colin Erickson,2024-06-22 19:14:35
170,vincent_cooper,vincent_cooper@hotmail.com,Vincent Cooper,2024-11-12 05:33:53
171,kevin_ray,kevin_ray@hotmail.com,Kevin Ray,2024-10-05 07:55:47
172,taylor_gonzales,taylor_gonzales@hotmail.com,Taylor Gonzales,2024-05-04 05:11:40
173,yesenia_chandler,yesenia_chandler@gmail.com,Yesenia Chandler,2024-02-29 23:27:07
174,mario_jones,mario_jones@hotmail.com,Mario Jones,2024-02-29 19:52:50
175,sara_hopkins,sara_hopkins@hotmail.com,Sara Hopkins,2024-06-18 08:20:05
176,steven_peterson,steven_peterson@hotmail.com,Steven Peterson,2024-04-06 14:38:21
177,cindy_phillips,cindy_phillips@yahoo.com,Cindy Phillips,2024-07-30 04:44:24
178,nichole_rose,nichole_rose@hotmail.com,Nichole Rose,2024-11-15 14:24:21
179,angela_james,angela_james@yahoo.com,Angela James,2024-03-04 05:13:32
180,margaret_reed_phd,margaret_reed_phd@gmail.com,Margaret Reed PhD,2024-01-29 02:35:19
181,john_lee,john_lee@gmail.com,John Lee,2024-10-31 09:35:49
182,sabrina_duncan,sabrina_duncan@yahoo.com,Sabrina Duncan,2024-11-29 11:26:44
183,diana_ford,diana_ford@gmail.com,Diana Ford,2024-06-22 23:12:55
184,paula_mclaughlin,paula_mclaughlin@hotmail.com,Paula Mclaughlin,2024-09-19 03:10:43
185,william_mcgee,william_mcgee@gmail.com,William Mcgee,2024-07-30 00:26:07
186,megan_jefferson,megan_jefferson@yahoo.com,Megan Jefferson,2024-03-28 12:03:46
187,james_delgado,james_delgado@gmail.com,James Delgado,2024-11-09 22:02:55
188,kelly_wallace,kelly_wallace@gmail.com,Kelly Wallace,2024-01-11 05:06:06
189,jessica_diaz,jessica_diaz@yahoo.com,Jessica Diaz,2024-05-05 21:27:28
190,mary_brown,mary_brown@gmail.com,Mary Brown,2024-06-15 12:02:54
191,robert_murray,robert_murray@hotmail.com,Robert Murray,2024-06-10 01:42:55
192,brandon_dennis,brandon_dennis@hotmail.com,Brandon Dennis,2024-11-18 06:19:36
193,david_lambert,david_lambert@gmail.com,David Lambert,2024-09-09 03:06:00
194,andrew_curtis,andrew_curtis@gmail.com,Andrew Curtis,2024-04-25 16:42:00
195,michael_joyce,michael_joyce@yahoo.com,Michael Joyce,2024-10-20 23:07:20
196,julie_burke,julie_burke@gmail.com,Julie Burke,2024-07-06 15:50:35
197,james_bryan,james_bryan@yahoo.com,James Bryan,2024-02-24 18:03:32
198,daniel_allison,daniel_allison@yahoo.com,Daniel Allison,2024-03-07 05:25:45
199,terry_anderson,terry_anderson@gmail.com,Terry Anderson,2024-01-13 06:43:48
200,hannah_lucas,hannah_lucas@hotmail.com,Hannah Lucas,2024-09-29 22:56:09
201,steven_bailey,steven_bailey@yahoo.com,Steven Bailey,2024-02-17 16:43:11
202,karen_austin,karen_austin@yahoo.com,Karen Austin,2024-12-10 11:35:50
203,kevin_vazquez,kevin_vazquez@hotmail.com,Kevin Vazquez,2024-09-13 07:21:55
204,john_hernandez,john_hernandez@yahoo.com,John Hernandez,2024-11-05 00:22:26
205,jacqueline_vaughn,jacqueline_vaughn@yahoo.com,Jacqueline Vaughn,2024-04-30 06:37:00
206,james_alexander,james_alexander@gmail.com,James Alexander,2024-04-01 09:51:44
207,richard_cole,richard_cole@gmail.com,Richard Cole,2024-04-10 13:15:05
208,zachary_cox,zachary_cox@gmail.com,Zachary Cox,2024-05-06 16:10:48
209,elizabeth_berg,elizabeth_berg@gmail.com,Elizabeth Berg,2024-03-07 11:05:29
210,chad_thomas,chad_thomas@yahoo.com,Chad Thomas,2024-05-03 09:17:01
211,barry_roberson,barry_roberson@hotmail.com,Barry Roberson,2024-10-23 03:27:51
212,jamie_luna,jamie_luna@hotmail.com,Jamie Luna,2024-10-28 02:31:16
213,kyle_macdonald,kyle_macdonald@hotmail.com,Kyle Macdonald,2024-11-22 17:53:27
214,nancy_luna,nancy_luna@gmail.com,Nancy Luna,2024-06-30 03:10:32
215,stacey_dean,stacey_dean@yahoo.com,Stacey Dean,2024-05-06 01:07:21
216,michael_williams_1,michael_williams1@yahoo.com,Michael Williams,2024-01-23 16:42:40
217,brian_parrish,brian_parrish@gmail.com,Brian Parrish,2024-04-25 11:57:34
218,patrick_jones,patrick_jones@yahoo.com,Patrick Jones,2024-06-07 13:07:52
219,heidi_arroyo,heidi_arroyo@hotmail.com,Heidi Arroyo,2024-05-14 06:53:30
220,elizabeth_case,elizabeth_case@hotmail.com,Elizabeth Case,2024-01-20 04:48:10
221,susan_mcdaniel,susan_mcdaniel@hotmail.com,Susan Mcdaniel,2024-08-04 20:50:58
222,carlos_parsons,carlos_parsons@yahoo.com,Carlos Parsons,2024-09-26 21:07:47
223,jesse_wells,jesse_wells@yahoo.com,Jesse Wells,2024-10-25 03:39:09
224,pamela_white,pamela_white@yahoo.com,Pamela White,2024-05-10 07:08:08
225,angela_livingston,angela_livingston@hotmail.com,Angela Livingston,2024-11-11 05:01:24
226,joseph_johnston,joseph_johnston@yahoo.com,Joseph Johnston,2024-09-12 10:47:28
227,joanne_chen,joanne_chen@hotmail.com,Joanne Chen,2024-02-01 20:53:25
228,william_summers,william_summers@hotmail.com,William Summers,2024-03-01 02:36:19
229,john_rodriguez,john_rodriguez@yahoo.com,John Rodriguez,2024-05-11 18:19:31
230,mr._gerald_bauer_md,mr._gerald_bauer_md@gmail.com,Mr. Gerald Bauer MD,2024-09-11 04:07:03
231,kyle_baker,kyle_baker@yahoo.com,Kyle Baker,2024-11-09 12:59:36
232,greg_mann,greg_mann@yahoo.com,Greg Mann,2024-11-11 11:04:01
233,kim_crawford,kim_crawford@hotmail.com,Kim Crawford,2024-05-11 17:38:07
234,summer_barker,summer_barker@hotmail.com,Summer Barker,2024-02-21 12:05:30
235,toni_reed,toni_reed@gmail.com,Toni Reed,2024-11-20 13:59:00
236,pamela_greene,pamela_greene@gmail.com,Pamela Greene,2024-03-15 07:46:21
237,kayla_carpenter,kayla_carpenter@yahoo.com,Kayla Carpenter,2024-04-01 19:50:32
238,colleen_palmer,colleen_palmer@yahoo.com,Colleen Palmer,2024-07-27 23:10:59
239,jack_taylor,jack_taylor@yahoo.com,Jack Taylor,2024-03-10 17:23:23
240,brenda_bennett,brenda_bennett@yahoo.com,Brenda Bennett,2024-08-01 13:05:28
241,jessica_chapman,jessica_chapman@hotmail.com,Jessica Chapman,2024-08-09 11:32:33
242,catherine_elliott,catherine_elliott@gmail.com,Catherine Elliott,2024-05-29 12:22:04
243,ricky_mccormick,ricky_mccormick@hotmail.com,Ricky Mccormick,2024-07-15 02:07:24
244,edwin_miller,edwin_miller@yahoo.com,Edwin Miller,2024-08-29 22:03:28
245,adam_cole,adam_cole@yahoo.com,Adam Cole,2024-09-10 19:43:06
246,eric_klein_dds,eric_klein_dds@yahoo.com,Eric Klein DDS,2024-08-19 00:18:07
247,hannah_lewis,hannah_lewis@yahoo.com,Hannah Lewis,2024-08-13 13:52:38
248,cathy_lopez,cathy_lopez@yahoo.com,Cathy Lopez,2024-03-15 08:04:48
249,george_cummings,george_cummings@gmail.com,George Cummings,2024-03-02 09:16:39
250,joseph_salinas_md,joseph_salinas_md@hotmail.com,Joseph Salinas MD,2024-06-16 01:46:53
251,deanna_kim,deanna_kim@hotmail.com,Deanna Kim,2024-06-15 21:01:05
252,andrew_woods,andrew_woods@hotmail.com,Andrew Woods,2024-09-14 01:39:37
253,eric_stewart,eric_stewart@yahoo.com,Eric Stewart,2024-10-06 03:06:54
254,kevin_gray,kevin_gray@hotmail.com,Kevin Gray,2024-02-15 17:54:28
255,andre_bryant,andre_bryant@hotmail.com,Andre Bryant,2024-02-25 02:45:50
256,tyler_montoya,tyler_montoya@hotmail.com,Tyler Montoya,2024-06-01 18:52:00
257,karina_reid,karina_reid@yahoo.com,Karina Reid,2024-02-25 12:43:28
258,michael_adams,michael_adams@yahoo.com,Michael Adams,2024-11-01 20:00:38
259,christopher_martinez,christopher_martinez@gmail.com,Christopher Martinez,2024-04-09 16:09:58
260,nicholas_lozano,nicholas_lozano@gmail.com,Nicholas Lozano,2024-05-23 14:23:02
261,ricky_parker,ricky_parker@hotmail.com,Ricky Parker,2024-08-17 06:31:50
262,robert_gallegos,robert_gallegos@gmail.com,Robert Gallegos,2024-05-24 10:45:01
263,joshua_burgess,joshua_burgess@yahoo.com,Joshua Burgess,2024-06-30 22:24:43
264,allison_lopez,allison_lopez@yahoo.com,Allison Lopez,2024-02-26 13:18:48
265,andrea_palmer,andrea_palmer@yahoo.com,Andrea Palmer,2024-01-14 21:45:24
266,norma_barnes,norma_barnes@hotmail.com,Norma Barnes,2024-09-30 07:23:20
267,christian_olson,christian_olson@gmail.com,Christian Olson,2024-02-29 03:08:04
268,debra_clark,debra_clark@hotmail.com,Debra Clark,2024-02-24 08:26:22
269,benjamin_vazquez,benjamin_vazquez@hotmail.com,Benjamin Vazquez,2024-03-15 20:35:20
270,danielle_collins,danielle_collins@hotmail.com,Danielle Collins,2024-05-08 02:42:11
271,justin_foster,justin_foster@gmail.com,Justin Foster,2024-12-02 15:49:04
272,jason_warner,jason_warner@gmail.com,Jason Warner,2024-09-21 21:29:30
273,david_farmer,david_farmer@hotmail.com,David Farmer,2024-09-03 13:33:12
274,mark_frederick,mark_frederick@yahoo.com,Mark Frederick,2024-02-21 08:30:32
275,janet_perez,janet_perez@hotmail.com,Janet Perez,2024-09-10 12:40:33
276,cheryl_douglas,cheryl_douglas@hotmail.com,Cheryl Douglas,2024-02-10 15:25:00
277,haley_jones,haley_jones@gmail.com,Haley Jones,2024-11-09 08:10:10
278,juan_nelson,juan_nelson@hotmail.com,Juan Nelson,2024-09-13 12:58:22
279,wendy_carr,wendy_carr@gmail.com,Wendy Carr,2024-02-12 09:31:41
280,michael_shea,michael_shea@yahoo.com,Michael Shea,2024-07-30 08:42:01
281,david_graham,david_graham@hotmail.com,David Graham,2024-10-06 09:22:44
282,nichole_burke,nichole_burke@yahoo.com,Nichole Burke,2024-05-21 09:40:27
283,bianca_foster,bianca_foster@hotmail.com,Bianca Foster,2024-02-10 16:29:33
284,nicole_tran,nicole_tran@hotmail.com,Nicole Tran,2024-04-06 13:38:36
285,glen_blair_jr.,glen_blair_jr.@hotmail.com,Glen Blair Jr.,2024-02-15 16:23:05
286,robert_dean,robert_dean@gmail.com,Robert Dean,2024-12-05 12:04:03
287,marcus_baker,marcus_baker@hotmail.com,Marcus Baker,2024-10-31 22:43:32
288,daniel_shaw,daniel_shaw@yahoo.com,Daniel Shaw,2024-09-24 22:38:51
289,melissa_morrow,melissa_morrow@gmail.com,Melissa Morrow,2024-06-27 22:33:03
290,jamie_callahan,jamie_callahan@yahoo.com,Jamie Callahan,2024-10-11 08:56:39
291,sherry_edwards,sherry_edwards@yahoo.com,Sherry Edwards,2024-07-17 19:05:09
292,mark_gomez,mark_gomez@hotmail.com,Mark Gomez,2024-05-24 14:55:39
293,dave_thompson,dave_thompson@hotmail.com,Dave Thompson,2024-02-29 23:19:46
294,cheryl_potts,cheryl_potts@yahoo.com,Cheryl Potts,2024-11-20 19:25:11
295,philip_griffith,philip_griffith@yahoo.com,Philip Griffith,2024-12-17 10:41:14
296,nicholas_sloan,nicholas_sloan@hotmail.com,Nicholas Sloan,2024-03-14 11:40:38
297,kimberly_wolf,kimberly_wolf@hotmail.com,Kimberly Wolf,2024-03-26 17:07:55
298,rickey_griffin,rickey_griffin@gmail.com,Rickey Griffin,2024-11-30 09:19:03
299,danny_miller,danny_miller@gmail.com,Danny Miller,2024-03-13 08:46:04
300,shannon_brewer,shannon_brewer@hotmail.com,Shannon Brewer,2023-12-21 09:28:23
301,kelly_hill,kelly_hill@gmail.com,Kelly Hill,2024-09-22 02:06:46
302,laura_burns,laura_burns@yahoo.com,Laura Burns,2024-06-28 22:33:35
303,christopher_williams,christopher_williams@gmail.com,Christopher Williams,2024-10-10 22:17:57
304,susan_osborn,susan_osborn@yahoo.com,Susan Osborn,2024-08-03 15:37:17
305,janice_medina,janice_medina@yahoo.com,Janice Medina,2024-04-11 02:44:22
306,kelli_porter,kelli_porter@yahoo.com,Kelli Porter,2024-06-27 14:15:45
307,john_davis,john_davis@gmail.com,John Davis,2024-01-08 15:42:42
308,stephanie_farmer,stephanie_farmer@yahoo.com,Stephanie Farmer,2024-01-17 14:53:45
309,stephanie_gentry,stephanie_gentry@hotmail.com,Stephanie Gentry,2024-05-03 15:32:36
310,ryan_ward,ryan_ward@yahoo.com,Ryan Ward,2024-10-15 15:32:29
311,jennifer_walker,jennifer_walker@yahoo.com,Jennifer Walker,2024-08-16 20:17:47
312,william_west,william_west@gmail.com,William West,2024-01-20 20:23:39
313,shane_price,shane_price@gmail.com,Shane Price,2024-03-15 19:09:51
314,ruth_harrison,ruth_harrison@yahoo.com,Ruth Harrison,2024-08-02 16:14:27
315,james_bowers,james_bowers@yahoo.com,James Bowers,2024-01-03 02:41:12
316,david_davis_1,david_davis1@hotmail.com,David Davis,2024-10-17 12:32:24
317,joseph_gregory,joseph_gregory@gmail.com,Joseph Gregory,2023-12-21 03:38:40
318,ashley_wagner,ashley_wagner@yahoo.com,Ashley Wagner,2024-07-31 23:16:06
319,sharon_crane,sharon_crane@hotmail.com,Sharon Crane,2024-01-26 14:32:24
320,thomas_maldonado,thomas_maldonado@gmail.com,Thomas Maldonado,2024-07-03 02:46:34
321,mrs._erika_thomas,mrs._erika_thomas@gmail.com,Mrs. Erika Thomas,2024-02-22 14:00:59
322,valerie_bennett,valerie_bennett@gmail.com,Valerie Bennett,2024-07-11 10:32:50
323,sydney_gomez,sydney_gomez@yahoo.com,Sydney Gomez,2024-08-15 19:30:36
324,nicole_burton,nicole_burton@yahoo.com,Nicole Burton,2024-04-07 18:55:37
325,david_kim,david_kim@gmail.com,David Kim,2024-01-19 15:02:53
326,thomas_long,thomas_long@yahoo.com,Thomas Long,2024-02-26 20:12:34
327,christine_johnson,christine_johnson@yahoo.com,Christine Johnson,2024-10-24 00:35:51
328,brittany_jones,brittany_jones@gmail.com,Brittany Jones,2024-02-05 19:13:23
329,janice_newton,janice_newton@hotmail.com,Janice Newton,2024-10-15 06:03:25
330,taylor_nguyen,taylor_nguyen@yahoo.com,Taylor Nguyen,2024-10-12 17:01:20
331,lauren_little,lauren_little@yahoo.com,Lauren Little,2024-01-19 23:51:52
332,james_evans,james_evans@hotmail.com,James Evans,2024-10-22 05:28:00
333,david_smith,david_smith@yahoo.com,David Smith,2024-11-29 19:11:31
334,carla_conley,carla_conley@yahoo.com,Carla Conley,2024-09-11 14:25:46
335,brittany_conrad,brittany_conrad@gmail.com,Brittany Conrad,2024-11-26 03:34:23
336,kayla_romero,kayla_romero@gmail.com,Kayla Romero,2024-08-29 19:23:19
337,melissa_allen,melissa_allen@yahoo.com,Melissa Allen,2024-05-14 16:14:37
338,virginia_ward,virginia_ward@yahoo.com,Virginia Ward,2024-09-18 23:06:34
339,charlotte_church,charlotte_church@gmail.com,Charlotte Church,2024-08-06 14:45:17
340,kathleen_woods,kathleen_woods@yahoo.com,Kathleen Woods,2024-09-12 07:18:09
341,christian_craig,christian_craig@yahoo.com,Christian Craig,2024-12-09 09:11:50
342,louis_simpson,louis_simpson@yahoo.com,Louis Simpson,2024-04-04 19:44:48
343,nathan_simpson,nathan_simpson@hotmail.com,Nathan Simpson,2024-10-11 21:12:53
344,deborah_harris,deborah_harris@yahoo.com,Deborah Harris,2024-02-17 10:48:14
345,karla_hudson,karla_hudson@hotmail.com,Karla Hudson,2024-05-25 19:33:20
346,damon_jones,damon_jones@gmail.com,Damon Jones,2024-02-25 12:03:05
347,christopher_washington,christopher_washington@gmail.com,Christopher Washington,2024-07-06 04:58:22
348,matthew_peck,matthew_peck@hotmail.com,Matthew Peck,2024-01-18 08:03:26
349,andrew_thompson,andrew_thompson@hotmail.com,Andrew Thompson,2024-07-18 23:52:06
350,cameron_watts,cameron_watts@yahoo.com,Cameron Watts,2024-07-13 06:46:45
351,mindy_johnson,mindy_johnson@hotmail.com,Mindy Johnson,2024-02-25 05:31:02
352,casey_ruiz,casey_ruiz@yahoo.com,Casey Ruiz,2024-07-10 00:12:22
353,joseph_myers,joseph_myers@yahoo.com,Joseph Myers,2024-09-22 08:28:55
354,connor_williams,connor_williams@yahoo.com,Connor Williams,2024-11-17 12:59:14
355,kaitlyn_johnson,kaitlyn_johnson@hotmail.com,Kaitlyn Johnson,2024-02-23 20:07:19
356,william_ayala,william_ayala@yahoo.com,William Ayala,2024-02-13 23:22:33
357,robert_kane,robert_kane@hotmail.com,Robert Kane,2024-05-05 23:51:06
358,thomas_rhodes,thomas_rhodes@gmail.com,Thomas Rhodes,2024-08-06 22:32:38
359,larry_shields,larry_shields@yahoo.com,Larry Shields,2024-04-10 00:14:16
360,jon_newman,jon_newman@gmail.com,Jon Newman,2024-06-11 18:35:39
361,darrell_bell,darrell_bell@yahoo.com,Darrell Bell,2024-07-21 22:00:39
362,denise_wang,denise_wang@hotmail.com,Denise Wang,2024-02-22 14:14:58
363,daniel_garrett,daniel_garrett@hotmail.com,Daniel Garrett,2023-12-26 15:17:31
364,michael_ewing,michael_ewing@gmail.com,Michael Ewing,2024-01-05 22:39:16
365,jason_patterson_1,jason_patterson@hotmail.com,Jason Patterson,2024-03-09 20:39:06
366,heather_johnston,heather_johnston@yahoo.com,Heather Johnston,2024-12-04 09:20:51
367,christopher_pugh,christopher_pugh@yahoo.com,Christopher Pugh,2024-05-26 16:35:05
368,heather_boyer,heather_boyer@hotmail.com,Heather Boyer,2024-01-17 20:11:00
369,stacy_brown,stacy_brown@yahoo.com,Stacy Brown,2024-04-08 16:45:38
370,christine_cook,christine_cook@yahoo.com,Christine Cook,2024-04-30 20:33:00
371,thomas_french,thomas_french@hotmail.com,Thomas French,2024-02-24 11:02:34
372,chelsea_grant,chelsea_grant@yahoo.com,Chelsea Grant,2024-10-08 17:24:47
373,jacob_santos,jacob_santos@yahoo.com,Jacob Santos,2024-10-02 20:40:35
374,benjamin_christensen,benjamin_christensen@yahoo.com,Benjamin Christensen,2024-08-12 08:29:48
375,janice_gray,janice_gray@hotmail.com,Janice Gray,2024-12-02 04:18:36
376,dustin_brewer,dustin_brewer@hotmail.com,Dustin Brewer,2024-10-27 07:46:49
377,justin_davenport,justin_davenport@gmail.com,Justin Davenport,2024-03-19 21:35:59
378,jessica_burns,jessica_burns@hotmail.com,Jessica Burns,2024-01-25 05:39:06
379,kimberly_clark,kimberly_clark@gmail.com,Kimberly Clark,2024-02-17 07:51:37
380,brandon_lopez,brandon_lopez@gmail.com,Brandon Lopez,2024-06-02 19:47:09
381,george_dickerson,george_dickerson@yahoo.com,George Dickerson,2024-05-30 15:52:06
382,scott_oneill,scott_oneill@yahoo.com,Scott Oneill,2024-08-04 13:11:28
383,james_lyons,james_lyons@gmail.com,James Lyons,2024-05-19 12:59:16
384,sean_jackson,sean_jackson@hotmail.com,Sean Jackson,2024-09-01 20:56:39
385,ms._elizabeth_jones_md,ms._elizabeth_jones_md@yahoo.com,Ms. Elizabeth Jones MD,2024-10-01 10:36:46
386,sean_ray,sean_ray@hotmail.com,Sean Ray,2024-05-09 18:52:15
387,olivia_jacobs,olivia_jacobs@gmail.com,Olivia Jacobs,2024-01-18 21:44:34
388,christopher_george,christopher_george@gmail.com,Christopher George,2024-02-03 01:06:29
389,christopher_green,christopher_green@hotmail.com,Christopher Green,2023-12-23 07:00:54
390,marie_garcia,marie_garcia@gmail.com,Marie Garcia,2024-04-19 15:16:15
391,jennifer_miller,jennifer_miller@yahoo.com,Jennifer Miller,2024-06-02 08:00:49
392,david_hicks,david_hicks@hotmail.com,David Hicks,2024-07-23 02:04:12
393,terrance_kennedy,terrance_kennedy@gmail.com,Terrance Kennedy,2024-04-22 23:34:18
394,zachary_rivers_jr.,zachary_rivers_jr.@hotmail.com,Zachary Rivers Jr.,2024-04-05 17:09:13
395,allison_baxter,allison_baxter@yahoo.com,Allison Baxter,2024-07-06 17:00:11
396,briana_king,briana_king@hotmail.com,Briana King,2024-04-01 14:18:28
397,james_jackson,james_jackson@yahoo.com,James Jackson,2024-02-19 04:13:46
398,adam_mcintyre,adam_mcintyre@hotmail.com,Adam Mcintyre,2024-05-15 06:06:29
399,stacey_jackson,stacey_jackson@yahoo.com,Stacey Jackson,2024-01-14 08:17:17
400,zachary_patterson,zachary_patterson@hotmail.com,Zachary Patterson,2024-12-02 04:45:20
401,rhonda_mcgee,rhonda_mcgee@gmail.com,Rhonda Mcgee,2024-09-04 22:34:54
402,courtney_andrade,courtney_andrade@gmail.com,Courtney Andrade,2024-01-29 18:33:10
403,elizabeth_terry,elizabeth_terry@yahoo.com,Elizabeth Terry,2024-07-29 23:03:23
404,randall_miles,randall_miles@gmail.com,Randall Miles,2024-07-19 00:25:05
405,jake_frey,jake_frey@yahoo.com,Jake Frey,2024-08-07 08:17:35
406,richard_mack,richard_mack@gmail.com,Richard Mack,2024-12-01 13:27:10
407,jordan_kane,jordan_kane@yahoo.com,Jordan Kane,2024-04-20 12:22:10
408,betty_sanders,betty_sanders@gmail.com,Betty Sanders,2024-12-08 00:57:26
409,michael_cole,michael_cole@yahoo.com,Michael Cole,2024-01-27 23:51:50
410,barbara_dillon,barbara_dillon@gmail.com,Barbara Dillon,2024-12-07 04:00:12
411,kevin_moss,kevin_moss@gmail.com,Kevin Moss,2024-10-06 19:33:42
412,cynthia_duffy,cynthia_duffy@yahoo.com,Cynthia Duffy,2024-03-02 04:01:11
413,laura_brooks,laura_brooks@gmail.com,Laura Brooks,2024-07-03 00:14:52
414,tyler_vasquez,tyler_vasquez@hotmail.com,Tyler Vasquez,2024-10-07 01:49:01
415,jessica_stevens,jessica_stevens@hotmail.com,Jessica Stevens,2024-09-15 20:07:35
416,michael_mcdonald,michael_mcdonald@hotmail.com,Michael Mcdonald,2024-03-15 14:28:44
417,tina_clark,tina_clark@gmail.com,Tina Clark,2024-10-31 18:09:54
418,tyler_mitchell,tyler_mitchell@hotmail.com,Tyler Mitchell,2024-11-07 10:53:34
419,daniel_nguyen,daniel_nguyen@yahoo.com,Daniel Nguyen,2024-07-17 19:11:36
420,tony_kennedy,tony_kennedy@yahoo.com,Tony Kennedy,2024-09-01 01:17:14
421,michele_brewer,michele_brewer@yahoo.com,Michele Brewer,2024-04-05 13:50:05
422,mercedes_davis,mercedes_davis@gmail.com,Mercedes Davis,2024-08-30 17:55:46
423,marilyn_king,marilyn_king@gmail.com,Marilyn King,2024-02-17 14:07:14
424,john_fuentes,john_fuentes@hotmail.com,John Fuentes,2023-12-28 16:19:40
425,dana_mata,dana_mata@yahoo.com,Dana Mata,2024-11-07 00:54:56
426,anthony_page,anthony_page@hotmail.com,Anthony Page,2024-08-22 04:59:29
427,maureen_roberts,maureen_roberts@gmail.com,Maureen Roberts,2024-07-21 03:25:48
428,christopher_walker,christopher_walker@hotmail.com,Christopher Walker,2024-02-09 13:20:14
429,dustin_torres,dustin_torres@yahoo.com,Dustin Torres,2024-11-30 15:59:52
430,tony_barnes,tony_barnes@hotmail.com,Tony Barnes,2024-05-24 05:56:06
431,daniel_tanner,daniel_tanner@gmail.com,Daniel Tanner,2024-09-30 13:10:55
432,jeffrey_king,jeffrey_king@yahoo.com,Jeffrey King,2024-01-09 07:52:15
433,kelly_reynolds,kelly_reynolds@hotmail.com,Kelly Reynolds,2024-08-06 07:08:49
434,joshua_wilson,joshua_wilson@hotmail.com,Joshua Wilson,2023-12-21 18:32:40
435,andrew_cole,andrew_cole@yahoo.com,Andrew Cole,2024-11-23 01:59:45
436,ashley_reed,ashley_reed@hotmail.com,Ashley Reed,2024-07-15 22:09:40
437,timothy_whitehead,timothy_whitehead@yahoo.com,Timothy Whitehead,2024-06-10 14:26:08
438,samuel_lopez,samuel_lopez@gmail.com,Samuel Lopez,2024-04-01 22:07:34
439,jason_gordon,jason_gordon@yahoo.com,Jason Gordon,2024-04-20 11:21:21
440,kimberly_cunningham_dds,kimberly_cunningham_dds@hotmail.com,Kimberly Cunningham DDS,2024-04-01 14:25:09
441,john_rivera,john_rivera@hotmail.com,John Rivera,2024-02-18 04:06:06
442,joseph_le,joseph_le@hotmail.com,Joseph Le,2024-06-04 22:43:03
443,mr._jacob_pham,mr._jacob_pham@yahoo.com,Mr. Jacob Pham,2024-02-11 14:29:37
444,mr._andrew_doyle,mr._andrew_doyle@gmail.com,Mr. Andrew Doyle,2024-08-21 07:14:17
445,katelyn_miles,katelyn_miles@hotmail.com,Katelyn Miles,2024-02-12 22:19:25
446,andrew_graves,andrew_graves@yahoo.com,Andrew Graves,2024-08-30 06:06:23
447,tanner_brown,tanner_brown@hotmail.com,Tanner Brown,2024-08-21 23:13:04
448,jennifer_myers,jennifer_myers@hotmail.com,Jennifer Myers,2024-04-30 08:29:40
449,fernando_white,fernando_white@yahoo.com,Fernando White,2024-05-06 03:30:08
450,johnny_black,johnny_black@hotmail.com,Johnny Black,2024-07-10 16:07:24
451,nicole_harris,nicole_harris@yahoo.com,Nicole Harris,2024-09-24 20:28:33
452,elizabeth_zavala,elizabeth_zavala@gmail.com,Elizabeth Zavala,2024-11-01 17:09:41
453,barbara_hawkins,barbara_hawkins@hotmail.com,Barbara Hawkins,2024-06-18 10:43:14
454,gary_foster,gary_foster@gmail.com,Gary Foster,2024-08-20 01:10:33
455,shelby_schroeder,shelby_schroeder@gmail.com,Shelby Schroeder,2024-04-09 22:45:47
456,lisa_guerrero,lisa_guerrero@hotmail.com,Lisa Guerrero,2024-05-13 12:49:19
457,gary_rodriguez,gary_rodriguez@yahoo.com,Gary Rodriguez,2024-04-28 07:47:14
458,norman_padilla,norman_padilla@hotmail.com,Norman Padilla,2024-01-03 17:55:29
459,miss_andrea_welch,miss_andrea_welch@yahoo.com,Miss Andrea Welch,2024-03-08 20:49:39
460,shelia_mccarthy,shelia_mccarthy@yahoo.com,Shelia Mccarthy,2024-03-24 20:48:55
461,james_sanchez,james_sanchez@yahoo.com,James Sanchez,2024-01-04 09:44:14
462,cameron_mercer,cameron_mercer@yahoo.com,Cameron Mercer,2024-09-06 19:34:49
463,luis_farmer,luis_farmer@yahoo.com,Luis Farmer,2024-05-06 04:51:35
464,ryan_thompson,ryan_thompson@gmail.com,Ryan Thompson,2024-04-28 21:11:18
465,denise_rodriguez,denise_rodriguez@hotmail.com,Denise Rodriguez,2024-02-24 17:17:53
466,mrs._ashley_hodge,mrs._ashley_hodge@gmail.com,Mrs. Ashley Hodge,2024-06-30 17:03:24
467,micheal_melton,micheal_melton@gmail.com,Micheal Melton,2024-03-15 21:37:20
468,james_curtis,james_curtis@yahoo.com,James Curtis,2024-02-11 10:12:04
469,amber_bruce,amber_bruce@gmail.com,Amber Bruce,2024-03-01 00:45:28
470,tyler_dorsey,tyler_dorsey@hotmail.com,Tyler Dorsey,2024-08-31 07:08:47
471,alexander_carpenter,alexander_carpenter@yahoo.com,Alexander Carpenter,2024-09-27 08:40:42
472,erica_vargas,erica_vargas@yahoo.com,Erica Vargas,2024-05-23 10:05:11
473,andrew_reyes,andrew_reyes@hotmail.com,Andrew Reyes,2024-10-01 15:28:57
474,amy_garcia,amy_garcia@gmail.com,Amy Garcia,2024-07-22 04:28:09
475,kenneth_davis,kenneth_davis@yahoo.com,Kenneth Davis,2024-10-22 11:33:45
476,emma_boyd,emma_boyd@gmail.com,Emma Boyd,2024-03-06 01:39:54
477,brandon_greene,brandon_greene@hotmail.com,Brandon Greene,2024-09-02 09:02:20
478,daniel_hubbard,daniel_hubbard@yahoo.com,Daniel Hubbard,2023-12-19 02:12:44
479,jason_barr,jason_barr@yahoo.com,Jason Barr,2024-07-06 02:49:17
480,katrina_thompson,katrina_thompson@yahoo.com,Katrina Thompson,2024-05-07 17:32:06
481,stephanie_juarez,stephanie_juarez@yahoo.com,Stephanie Juarez,2024-12-03 23:44:22
482,carol_keller,carol_keller@gmail.com,Carol Keller,2024-04-27 09:12:48
483,matthew_hughes,matthew_hughes@yahoo.com,Matthew Hughes,2024-11-21 13:58:13
484,jessica_braun,jessica_braun@gmail.com,Jessica Braun,2024-07-23 18:34:08
485,craig_barker,craig_barker@gmail.com,Craig Barker,2024-06-13 13:01:20
486,emily_whitehead,emily_whitehead@gmail.com,Emily Whitehead,2024-02-01 06:14:02
487,michelle_crane,michelle_crane@yahoo.com,Michelle Crane,2024-10-17 10:40:44
488,david_palmer,david_palmer@gmail.com,David Palmer,2024-10-05 02:34:33
489,ryan_rodriguez,ryan_rodriguez@yahoo.com,Ryan Rodriguez,2024-10-31 09:22:10
490,martha_rogers,martha_rogers@yahoo.com,Martha Rogers,2023-12-27 12:07:39
491,dr._linda_cole,dr._linda_cole@hotmail.com,Dr. Linda Cole,2024-04-24 22:24:30
492,jessica_nguyen,jessica_nguyen@hotmail.com,Jessica Nguyen,2024-06-29 15:09:08
493,kelli_wagner,kelli_wagner@hotmail.com,Kelli Wagner,2024-08-31 23:27:00
494,mrs._joyce_davis_md,mrs._joyce_davis_md@gmail.com,Mrs. Joyce Davis MD,2024-09-04 05:39:24
495,kenneth_butler,kenneth_butler@yahoo.com,Kenneth Butler,2024-07-07 01:53:25
496,anthony_jacobs,anthony_jacobs@yahoo.com,Anthony Jacobs,2024-01-21 08:45:52
497,erica_martin,erica_martin@gmail.com,Erica Martin,2024-10-07 02:05:53
498,dylan_stark,dylan_stark@hotmail.com,Dylan Stark,2024-06-01 09:18:10
499,carlos_watson,carlos_watson@yahoo.com,Carlos Watson,2024-09-23 08:42:16
500,matthew_richardson,matthew_richardson@yahoo.com,Matthew Richardson,2024-08-14 12:28:37
